{"cameraMode":{"drawMode":0,"name":"Shaded","section":"Shading Mode"},"sceneLighting":true,"audioPlay":false,"sceneViewState":{"showFog":true,"showMaterialUpdate":false,"showSkybox":true,"showFlares":true,"showImageEffects":true,"showParticleSystems":true},"in2DMode":false,"pivot":{"x":6.337254047393799,"y":4.436038494110107,"z":6.337254524230957},"rotation":{"x":-0.15257689356803895,"y":0.7835350036621094,"z":-0.21205715835094453,"w":-0.5637598633766174},"size":10.0,"orthographic":false}