{"cameraMode":{"drawMode":0,"name":"Shaded","section":"Shading Mode"},"sceneLighting":true,"audioPlay":false,"sceneViewState":{"showFog":true,"showMaterialUpdate":false,"showSkybox":true,"showFlares":true,"showImageEffects":true,"showParticleSystems":true},"in2DMode":false,"pivot":{"x":6.337254047393799,"y":4.436038494110107,"z":6.337254524230957},"rotation":{"x":-0.3151756823062897,"y":-0.13968230783939362,"z":0.04695829749107361,"w":-0.9375224113464356},"size":10.0,"orthographic":false}